[
    {
        "min_extension_version": [
            1,
            0,
            15
        ],
        "min_version": [
            0,
            0,
            0
        ],
        "fingerprint": "5764715dbcf8ed88bc0ae1c2f715277f22b67f26c15e1f7543b2b44913b5c255",
        "url": "/data/firmware.bin.hex",
        "min_bridge_version": [
            1,
            1,
            5
        ],
        "required": false,
        "changelog": "* Stable release, optional update\n* U2F support\n* Ethereum support\n* GPG decryption support\n* Zcash support",
        "version": [
            1,
            4,
            0
        ],
        "min_plugin_version": [
            1,
            0,
            5
        ],
        "notes": "https://blog.trezor.io/secure-two-factor-authentication-with-trezor-u2f-e940fd5a60af"
    }
]