[
    {
        "min_version": [
            0,
            0,
            0
        ],
        "version": [
            1,
            3,
            3
        ],
        "fingerprint": "7fcee4c0459c22109f3fcfe0040148e9be6d30947f7fffb76c66cc500681257c",
        "required": false,
        "changelog": "* Stable release, optional update\n* Ask for PIN on GetAddress and GetPublicKey\n* Signing speed improved",
        "url": "/data/firmware.bin.hex",
        "notes": "http://satoshilabs.com/news/2015-04-07-trezor-firmware-1-3-3-connect-api/",
        "min_plugin_version": [
            1,
            0,
            5
        ]
    }
]