[
    {
        "version": [
            1,
            3,
            4
        ],
        "url": "/data/firmware.bin.hex",
        "changelog": "* Stable release, optional update\n* Screensaver active on ClearSession message\n* Support for NIST P-256 curve\n* Updated SignIdentity to v2 format\n* Show seconds counter during PIN lockdown\n* Updated maxfee per kb for coins",
        "min_version": [
            0,
            0,
            0
        ],
        "fingerprint": "49e044eec84a9c210a09319d27a3ab8ba889ddeaa4d68f99d163f65267fce134",
        "notes": "https://medium.com/@satoshilabs/trezor-firmware-1-3-4-enables-ssh-login-86a622d7e609",
        "min_bridge_version": [
            1,
            1,
            1
        ],
        "min_extension_version": [
            1,
            0,
            0
        ],
        "required": false,
        "min_plugin_version": [
            1,
            0,
            5
        ]
    }
]