[
    {
        "min_bridge_version": [
            1,
            1,
            2
        ],
        "min_plugin_version": [
            1,
            0,
            5
        ],
        "changelog": "* Stable release, optional update\n* Double size font for recovery words during the device setup\n* Optimizations for simultaneous access when more applications try communicate with the device",
        "min_extension_version": [
            1,
            0,
            0
        ],
        "version": [
            1,
            3,
            5
        ],
        "required": false,
        "notes": "https://medium.com/@satoshilabs/cc4c25197855",
        "min_version": [
            0,
            0,
            0
        ],
        "url": "/data/firmware.bin.hex",
        "fingerprint": "7d5d2c7defb93081a7fb7a2d1e57677fbac2a3e3e50f22fa3ff83ec4ddaafd9d"
    }
]