[
    {
        "notes": "https://medium.com/@satoshilabs/20a7df6e692",
        "version": [
            1,
            3,
            6
        ],
        "required": false,
        "url": "/data/firmware.bin.hex",
        "fingerprint": "03b559a758961b2bfd4443e6c36c10025268cf033ecd376fdd7a79ff658bf511",
        "changelog": "* Stable release, optional update\n* Enable advanced transactions such as ones with REPLACE-BY-FEE and CHECKLOCKTIMEVERIFY\n* Fix message signing for altcoins\n* Message verification now shows address\n* Enable GPG signing support\n* Enable Ed25519 curve (for SSH and GPG)\n* Use separate deterministic hierarchy for NIST256P1 and Ed25519 curves\n* Users using SSH already need to regenerate their keys using the new firmware!!!",
        "min_version": [
            0,
            0,
            0
        ],
        "min_bridge_version": [
            1,
            1,
            5
        ],
        "min_extension_version": [
            1,
            0,
            15
        ],
        "min_plugin_version": [
            1,
            0,
            5
        ]
    }
]